,year,year_code,country_name,country_code,access_to_electricity,birth_rate,life_expectancy,exports_perc_gdp,education_years,gdp_per_capita_ppp,perc_internet_users,infant_mort_rate,inflation_perc,consumer_price_index,crop_production_index,goods_imports,prevalence_of_anemia_pregnancy,diabetes_prevalence,human_capital_index,net_enrollment_rate,measles_immunization,co2_emissions_gaseous_fuel,fossil_fuel_energy_consumption,fuel_exports,fuel_imports,investment_inflows,investment_outflows,mobile_subscriptions,agricultural_land,greenhouse_gas_em,age_dependency_ratio,imports_annual_growth,int_tourism_arrivals,total_covid_cases_per_million,total_covid_deaths_per_million,population_density,median_age,human_development_index,ar_tech
1,2020,YR2020,Albania,ALB,0.9990000000000001,16.436,73.955,20.1153637600108,8.0,3862.48437763265,0.00114097347,24.1,0.0500181363468265,74.1363160790387,51.82,921000000.0,29.0,4.5,0.634250938892365,95.38335,95.0,0.728155339805825,58.7150980055366,1.85161317101105,9.02385842621065,4.10877603723822,0.0,0.00952019386,41.7518248175182,-24.5075059668779,59.7235859880878,49.5405941246574,317000.0,45585.169,832.58,104.87100000000001,38.0,0.795,0.5508013601005001
2,2020,YR2020,Algeria,DZA,0.9874726867675779,19.554,70.64,42.0697279237388,10.0,8446.58797859344,0.00491705679,33.9,0.339163189071755,70.4381279952933,34.99,19816999999.9991,37.1,8.5,0.534556448459625,90.74774,80.0,45.2337228714524,99.8150521253614,98.0870247131707,1.40090469992719,0.511222494023906,0.0250044561518298,0.00277041908,16.8032614811021,25.6772695648657,63.0526800301058,7.57080636901601,866000.0,2789.238,74.365,17.348,29.1,0.748,0.545107989506668
4,2020,YR2020,Angola,AGO,0.2,48.15,46.522,89.6858311851382,4.0,3289.41035208343,0.00105045562,121.2,324.996871601321,2.90908239295018,25.58,3039510000.0,53.9,3.5,0.362405389547348,82.44691,32.0,11.3758647194466,25.2200519176355,97.2265157759709,1.23297960059276,9.62386631013722,0.0,0.0015739710600000002,37.6685569904548,-31.5429091263726,99.0711857780217,156.372741624531,51000.0,815.882,18.256,23.89,16.8,0.581,0.11052505657300002
5,2020,YR2020,Antigua and Barbuda,ATG,0.922,19.84,73.94,98.6016493366798,11.0,16841.1274496447,0.06482225737,13.0,0.771779796900182,81.0825688073393,96.47,342390740.740741,23.1,7.1,0.595703899860382,97.35554,95.0,0.0,0.0,0.0,16.2966259403828,5.21750627465041,0.0,0.2894127552,20.4545454545455,7.09303155459551,54.4915047557109,,634000.0,12580.671999999999,326.77099999999996,231.845,32.1,0.778,0.5587290655995001
6,2020,YR2020,Argentina,ARG,0.9551106346744579,19.499,73.576,10.9863752325576,10.0,11618.7960699385,0.07038683086,17.5,,,61.1,23889100000.0,26.4,5.7,0.602144718170166,99.35688,91.0,48.8919274528521,88.3875102923294,17.6241830605225,3.66941772776535,3.66579059535379,0.317035999467937,0.1759645109,46.9581867146078,24.3461322039205,61.7882942458613,-0.157568634686129,2909000.0,66242.14,1418.1860000000001,16.177,31.9,0.845,0.567542690961952
7,2020,YR2020,Armenia,ARM,0.9890000000000001,12.91,71.409,22.1614188089398,12.0,2658.34951796364,0.01300470022,27.0,-0.790883768934766,65.0005904218581,40.82,780696904.0,24.7,7.8,0.578998804092407,87.1312,92.0,74.0740740740741,70.0489923558026,10.1236750243125,20.7515216433961,5.45043316560111,0.0,0.00569652439,46.4699683877766,-72.2291412822638,55.8284298371503,7.02325909322208,45000.0,73094.464,1393.0729999999999,102.931,35.7,0.7759999999999999,0.549071297516
9,2020,YR2020,Australia,AUS,1.0,13.0,79.2341463414634,19.4346594389549,10.0,26321.4464495089,0.46756115610000004,5.1,4.45743514797225,74.3756503642039,89.55,68928612290.7895,15.7,5.7,0.770239531993866,94.48531,91.0,13.4004897595726,89.328168190023,20.8946525176662,8.27644735868205,3.58674526948965,0.986222604604528,0.4508349055,59.2881038230738,124.185840006199,49.7142664180731,12.0480759910827,4931000.0,1169.5739999999998,35.686,3.202,37.9,0.9440000000000001,0.758729895185
10,2020,YR2020,Austria,AUT,1.0,9.8,78.1268292682927,43.3462739519887,13.0,29388.7774746532,0.33730132949999997,4.6,2.34486455542566,82.6019071178291,100.96,113094169446.217,17.9,8.9,0.746739745140076,91.24983,75.0,24.2226148409894,76.5352922346138,1.26073330039353,5.40198047421906,4.31962550948828,2.79954053828331,0.7580605745,35.604262533301,3.56951484973951,47.5297280624623,10.1862673250633,17982000.0,68893.787,1136.192,106.749,44.4,0.922,0.7438615227750001
11,2020,YR2020,Azerbaijan,AZE,0.9890822244967591,14.5,66.763,40.1708314787732,10.0,3442.63193225276,0.00147757576,61.1,1.80500303704358,48.866855021793,56.9,1539005000.0,38.7,7.5,0.577767550945282,88.23962,67.0,38.7349322728967,98.2879019249229,85.0824923536999,4.87559061747654,2.46437386157034,0.0144140940208982,0.0517559282,57.3863567580655,-45.3925667134776,58.7241799089652,7.73687758498771,681000.0,31592.511000000002,447.57099999999997,119.309,32.4,0.7559999999999999,0.5496879678092175
12,2020,YR2020,"Bahamas, The",BHS,1.0,17.609,71.914,38.0475628585261,12.0,28033.6844657628,0.08,13.9,1.6063294174058,80.0088429151256,61.88,1983100000.0,18.6,10.4,,89.40616,93.0,0.0,0.0,0.0,10.362172653034,3.09850714482936,1.73506494792898,0.1057671338,1.2987012987013,-11.3634107020403,53.1191402136109,5.48346296937281,4204000.0,26581.19,506.042,39.497,34.3,0.8140000000000001,0.5885767133800001
13,2020,YR2020,Bahrain,BHR,1.0,21.722,74.44,79.1806670285974,9.0,42181.842575706,0.06153732545999999,10.8,-0.704852953090768,83.4385023142846,114.69,4375292553.19149,38.0,15.4,0.652472019195557,97.89263,98.0,85.8534684333593,99.9544940041026,0.0395462453040678,1.20466002686454,4.01154558234919,0.105404555002544,0.3095449820000001,12.9577464788732,11.7330773713439,48.354643427949,-3.12139073638934,3869000.0,104606.71,380.82199999999995,1935.9070000000002,32.4,0.852,0.602492562111
14,2020,YR2020,Bangladesh,BGD,0.32,27.493,65.447,12.3442012279919,5.0,1331.5485120908,0.00071039423,63.4,2.20825620937534,53.9091441150379,62.98,8025436323.20821,46.8,6.6,0.46403643488884,97.24423,74.0,61.1494558003716,57.9429198744077,0.229218459463864,7.28179748336201,0.525362089236089,0.00374743857992115,0.0021855294500000002,72.2132595836214,7.34891820232619,68.9506654572493,10.2339246037897,199000.0,4618.294,69.889,1265.036,27.5,0.632,0.1764671909255
15,2020,YR2020,Barbados,BRB,1.0,13.934,77.162,43.2358228468704,11.0,12704.9357003097,0.03973678355,13.7,2.43581303489138,67.2938918008204,240.59,1075933113.14714,22.2,8.0,,95.55437,94.0,3.18471337579618,0.0,8.62440510021674,11.5216410778609,2.40879045285177,0.746282072234025,0.1048450362,41.8604651162791,9.5259919149737,51.244986631016,,1078000.0,13442.553,153.112,664.4630000000001,39.8,0.8140000000000001,0.5743923778625001
16,2020,YR2020,Belarus,BLR,1.0,9.4,68.9121951219512,69.2108213448948,9.0,5808.35742604515,0.01860398126,9.9,168.620235850933,16.0506056584144,81.8,7062900000.0,28.1,7.6,0.700078189373016,100.0,98.0,60.7172075265885,91.622449702941,19.8121417383218,29.9015451874812,0.932726194574,0.00157024611881145,0.00499947729,45.6123052652337,-55.0257520180195,47.0688316398388,13.4000030710784,2030000.0,38096.071,270.072,46.858000000000004,40.3,0.823,0.5570113411700001
17,2020,YR2020,Belgium,BEL,1.0,11.4,77.7219512195122,72.5473951580567,12.0,27796.6460731837,0.2943169169,4.8,2.54451776190906,81.4218043493863,96.95,146930664662.075,16.0,5.3,0.76041966676712,99.19199,82.0,26.5982862421559,75.8540863960788,4.57326410348979,8.88476564567767,37.5685906251901,36.5622576937659,0.5474598263,45.891677675033,6.6573657077224,52.514115505908,13.0155155552031,6457000.0,85717.594,2093.081,375.564,41.8,0.9309999999999999,0.707756903545
18,2020,YR2020,Belize,BLZ,0.79,29.868,68.847,52.9736554293612,8.0,5558.48644917286,0.05963835303,20.0,,,104.83,467658722.31075,27.9,9.8,,96.34834,96.0,0.0,0.0,0.0,16.9527150534595,3.55323020451494,0.748018687578871,0.06797808462999999,6.53222270933801,164.964189477286,80.6656390851115,20.0908851195476,374000.0,31859.484,812.331,16.426,25.0,0.716,0.4621712320235001
19,2020,YR2020,Benin,BEN,0.21399419784545898,42.371,55.391,20.6053025489554,6.0,1759.7190754288,0.00225247851,86.1,4.16540442290282,74.3319475815406,53.3,516053905.127868,61.6,4.6,0.400290727615356,84.60479,70.0,0.0,25.4861878174381,0.00951042807393338,19.1502616963496,-0.364395802749517,-1.9676250526588,0.00807987124,28.3345157857396,-14.6943462626451,93.7836657775209,-10.5825534562975,1068000.0,645.127,8.166,99.11,18.8,0.545,0.11929316341750244
21,2020,YR2020,Bhutan,BTN,0.3115,27.066,60.884,30.3942102191196,,2696.34645578181,0.00400944447,57.4,4.01099373013836,80.6280019247456,59.53,434879698.346336,47.1,3.6,0.475297033786774,57.64125,78.0,0.0,0.0,30.9371095810558,14.8574537573195,0.465664584170841,0.0,0.0,13.3165829145729,80.4299548373214,77.7127290112487,8.91516781664141,7599.99990463257,1433.3629999999998,1.296,21.188000000000002,28.6,0.654,0.1727283055645
22,2020,YR2020,Bolivia,BOL,0.6996304499999999,30.314,62.452,18.274745971826,8.0,3437.61887776643,0.01442763585,55.8,4.60822998872598,62.6303680784418,56.05,1610160000.0,35.3,6.0,,96.41673,84.0,48.4758117958913,82.5510885170049,12.1942402416879,4.84909064272744,8.76825043369255,0.033341619086493,0.06920904357,34.2869011354195,-52.5549055222854,75.3904387915315,4.66990833837284,319000.0,26259.422000000002,1114.4489999999998,10.202,25.4,0.718,0.39676732440449997
23,2020,YR2020,Bosnia and Herzegovina,BIH,1.0,10.983,74.403,28.6908426725982,8.0,4549.32962366462,0.0108296075,8.7,6.12556615620285,85.0497012056015,67.98,3894169621.05155,31.2,7.1,0.57968407869339,,80.0,3.32446808510638,87.8938988502679,4.48109797542237,5.29593312843418,2.65308000591253,0.0,0.024895126219999997,41.6015625,-28.1803591320708,46.3855851890182,12.2337359369875,171000.0,60491.372,2606.365,68.49600000000001,42.5,0.78,0.5562798752470001
24,2020,YR2020,Botswana,BWA,0.272774658203125,29.302,50.629,51.8318100701299,,8784.18873131477,0.02902666622,32.0,8.6014851485149,44.034509775931,64.95,1773065062.5787,34.7,5.4,0.414028495550156,86.08761,91.0,0.0,65.1133865346493,0.0812633784679619,4.89086091730176,0.987700169396242,0.038918573568369,0.1352068417,45.7907645616078,196.734053511213,72.1453562674153,-1.93643582228803,1306000.0,19958.113999999998,302.769,4.044,25.8,0.735,0.1737060793587188
25,2020,YR2020,Brazil,BRA,0.944127731323242,20.119,70.116,10.1880480043795,8.0,9060.78639967067,0.028706851590000002,30.3,7.04414105947266,52.5315827425714,54.11,55311052000.0,26.3,6.4,0.551497936248779,98.85493,99.0,5.49518123476666,58.2320639159772,1.64799481860444,14.8717492659695,5.0341286817021,0.38098677806877,0.1326627719,27.3175012622426,-23.8810032964234,54.290896607646,10.7985867038515,5313000.0,69279.337,1912.11,25.04,33.5,0.765,0.5425839274742831
26,2020,YR2020,Brunei Darussalam,BRN,1.0,22.679,72.809,67.3543319201318,9.0,66439.3361395962,0.08996284534000001,8.2,1.55815247634947,94.9592653292323,83.46,1082795670.19532,28.7,12.6,0.626391351222992,97.22446,99.0,64.6692607003891,99.9999072952175,95.306024184405,0.213910040976288,9.15836044684235,0.528114779934001,0.28514399770000004,1.89753320683112,-47.4627585660933,49.3096169617768,-6.23347580299477,119000.0,518.877,6.857,81.347,32.4,0.838,0.610001395639
27,2020,YR2020,Bulgaria,BGR,1.0,9.0,71.6634146341463,36.2188580437982,9.0,6424.75575422061,0.05370923469,14.3,10.3162621289989,56.1013968449146,69.91,6000151670.44,27.9,6.5,0.613898158073425,97.09026,89.0,15.424142869177,72.3850411748848,11.6856232779917,4.60291440635628,7.56089691165576,0.0247921373115265,0.09227356436,50.4564765434331,-38.7570345957059,47.6115970768822,-9.65616190199444,4922000.0,58264.259000000005,2366.573,65.18,44.7,0.816,0.5780255885775001
28,2020,YR2020,Burkina Faso,BFA,0.0914439868927002,46.253,50.489,8.8447174852677,10.0,921.93989158583,0.0007708016900000001,91.0,-0.304212168486795,74.9152428538897,44.88,1034856985.97177,58.8,3.8,0.383691936731339,36.7463,48.0,0.0,,3.15566795031426,25.2464848600164,0.781518537634326,0.00565285108032949,0.0021748041100000002,35.7090643274854,282.43816769141,98.1560537932871,-4.24922094522118,126000.0,637.173,7.511,70.15100000000001,17.6,0.452,0.050781453793485115
29,2020,YR2020,Burundi,BDI,0.0298074841499329,42.993,49.091,6.3189705942566,,527.080874665839,0.00077248447,95.1,24.4320242102151,41.943020388257,84.81,107858715.460542,45.0,1.8,0.386170625686646,41.44158,72.0,0.0,,0.321407693409308,11.8398465486678,1.34215199240978,-1.34215137162721,0.0025584464699999997,72.702492211838,21.4343174822351,110.83803450952,12.627624336954,29000.0,337.909,0.505,423.06199999999995,17.5,0.433,0.016920330493963097
30,2020,YR2020,Cabo Verde,CPV,0.586,27.608,68.583,27.0072185431265,6.0,3032.12636816585,0.01822443852,31.1,-2.47745668519833,78.6650455116337,102.73,222345361.664614,46.5,5.3,,99.56229,86.0,0.0,0.0,0.0,6.0959764843501,6.34282422287077,0.258907947396208,0.0460755556,17.6178660049628,60.0836408219959,92.2237435747795,-0.333450952564078,115000.0,43394.820999999996,395.69199999999995,135.58,25.7,0.665,0.333286109042
31,2020,YR2020,Cambodia,KHM,0.166,28.058,58.432,49.5227810531323,,1082.43433894762,0.0004702264,79.2,-0.791992529473561,59.03876639429,36.77,1935729762.62205,55.4,5.2,0.491589874029159,93.16555,65.0,0.0,20.3362884659568,0.00103234740919474,12.6907081178027,3.21674431167286,-0.641724787768896,0.01073997805,27.0224337185588,115.74886911715,80.7378031517793,23.7203603875548,466000.0,824.812,5.742000000000001,90.67200000000001,25.6,0.594,0.092538577045
32,2020,YR2020,Cameroon,CMR,0.41,41.419,50.993,25.9082094134603,6.0,1941.6971286159,0.0025212007800000003,87.4,1.22719012976135,77.6142650318084,42.92,1476891324.68541,52.2,3.9,0.397401511669159,84.41215,49.0,0.0,16.3072863854111,54.1507311617527,23.1590407130586,1.58378611925462,0.101251198240887,0.0066571719799999995,19.3776311057519,67.1891651860457,93.2219747744417,19.0216165153559,451000.0,2721.705,41.701,50.885,18.8,0.563,0.227048137471
33,2020,YR2020,Canada,CAN,1.0,10.7,79.1365853658537,44.3568160974906,10.0,29265.2513176458,0.513,5.3,2.71943995691972,81.8903835145964,68.6,243653094237.564,15.7,9.2,0.797520101070404,99.92051,96.0,31.8266347348124,76.1025718116541,14.097379549686,5.298290177977,9.20163920854819,6.28460146309722,0.2853043915,6.83580221714355,24.9649654583241,46.4743272436913,8.4871217114145,48638000.0,32719.699,642.385,4.037,41.4,0.929,0.75808043915
35,2020,YR2020,Central African Republic,CAF,0.06,41.347,44.19,20.3722135905975,10.0,674.439740085479,0.00053394174,110.4,,,91.8,,55.1,4.5,0.291631907224655,47.62176,36.0,0.0,,0.454669197024921,7.54601343311987,0.0972197508822973,0.00013035873636799,0.00136440038,8.26511284471412,241.677420094303,87.99236344783,11.0877268213415,11199.9998092651,1327.394,18.22,7.479,18.3,0.397,0.033323319647
37,2020,YR2020,Chile,CHL,0.97938687,16.556,76.366,30.5317001278369,8.0,9553.56662261844,0.166,9.2,3.8432729570657,73.6733347667168,72.41,17028810000.0,23.3,5.7,0.651604175567627,95.54645,97.0,20.281813080616,74.511496953145,1.11401872751948,18.1337770872841,6.24191816512269,5.12021245975739,0.2217081695,20.3219229300151,65.1454879353159,53.80445749989,10.3352128228722,3713000.0,62970.383,1384.009,24.281999999999996,35.4,0.851,0.6189335954500002
38,2020,YR2020,China,CHN,0.969071044921875,14.03,71.397,20.8934448164694,9.0,2920.56079086362,0.017759132070000003,30.1,0.347806256807194,80.9700195375273,64.73,124897211000.0,28.7,4.2,0.65310263633728,,84.0,1.75748249248062,79.8413558376096,3.15222106435306,9.46701532537761,3.47508224574174,0.380733224786637,0.06606481690999999,55.5700446698569,30.5612564773515,46.2000563478889,,83444000.0,71.226,3.367,147.674,38.7,0.7609999999999999,0.5458112526225313
39,2020,YR2020,Colombia,COL,0.9520000000000001,22.256,72.945,15.915139715438,10.0,6690.37375103851,0.022075329930000002,21.0,9.22257080235504,58.2158441469197,74.29,11042499112.5429,33.4,5.2,0.60433030128479,96.76601,88.0,21.5750822993163,76.0141392594484,43.079504613909,2.05195835864663,2.43922655930173,0.325715963690265,0.056946828719999995,40.4317260027039,-5.66324032411509,60.7127533772823,5.950423837599,707000.0,56556.268,1454.1629999999998,44.223,32.2,0.767,0.5370210483475001
40,2020,YR2020,Comoros,COM,0.512086524963379,37.497,59.46,8.83631405886599,6.0,1801.7674563404,0.00271740607,72.2,5.55459394816816,69.1444788256996,83.36,65011497.3760683,42.7,3.4,0.40468829870224,67.49473,70.0,0.0,0.0,0.00469844262895696,8.04339415335231,0.0267329894572597,0.0,0.0,71.4669532509404,24.2996084878248,88.7233716795067,10.8480816464549,24000.0,4413.549,167.894,437.352,20.4,0.5539999999999999,0.2825986808543585
41,2020,YR2020,"Congo, Dem. Rep.",COD,0.067,45.965,50.041,11.4496120313427,6.0,447.082198397239,5.902114e-05,106.6,513.906843747536,6.79873847528014,48.73,2690400000.0,54.1,3.2,0.366369277238846,,46.0,0.0,2.03655324693759,,,0.493452281553792,-0.00942998550592019,0.00031843195,11.2922079354227,-37.4094626279157,94.1513673222168,13.289986662122,103000.0,333.894,8.575,35.879,17.0,0.48,0.03690250059400001
42,2020,YR2020,"Congo, Rep.",COG,0.33885978698730496,38.554,52.123,80.297147219193,10.0,3699.23905190971,0.00026354732,72.4,-0.881991517025449,75.8358892991145,68.11,455276406.87062,56.5,5.1,0.41926571726799,51.82475,34.0,22.7272727272727,26.2245869677914,87.024618091306,4.26725041525593,-3.04039269370418,-8.07341359419306,0.02238273128,30.8638360175695,-55.2570729796169,81.4197141985342,4.45940136534195,199000.0,1935.089,26.096,15.405,19.0,0.574,0.18870339753301774
43,2020,YR2020,Costa Rica,CRI,0.986764755249023,19.335,77.452,43.1144408485556,11.0,7836.92728473142,0.058002530229999995,11.0,10.9622816532861,37.3577466106893,72.88,5180937180.6705,19.5,9.3,0.628635048866272,99.43417,82.0,0.0,59.0271591155853,0.616778935676235,8.06181329741196,4.83912982984772,0.718348239400365,0.053405889199999994,36.036036036036,14.6324750148381,58.0810238794835,-3.89729781819631,1278000.0,49270.78599999999,634.261,96.079,33.6,0.81,0.5683620898874627
44,2020,YR2020,Cote d'Ivoire,CIV,0.47617424011230497,41.069,49.635,40.7810291279491,10.0,2291.44115265653,0.00231461671,95.3,2.53077516737993,75.2272006073529,71.81,5098826667.23391,57.6,4.7,0.379889339208603,56.50839,68.0,35.6371490280778,37.130149257688,20.3284493525677,33.7455411445441,2.18999010533173,0.073455623050239,0.02874272516,61.6352201257862,-80.6553054152137,86.7721556200427,14.6832539145348,182000.0,1748.181,10.842,76.399,18.7,0.5379999999999999,0.2655802204262678
45,2020,YR2020,Croatia,HRV,1.0,9.8,72.8078048780488,35.3063686899188,8.0,10587.4260296888,0.06644882544,7.2,4.611315547378,75.8142448103077,69.86,6632569890.79397,25.9,6.9,0.709693968296051,93.90671,93.0,26.1660978384528,77.9085001612781,10.9626983421509,14.5122131360056,4.69208376621014,0.222456172320229,0.2332842149,20.9086031121445,-21.3687320645676,49.0038458934841,7.13014983047717,37226000.0,81414.66,1736.793,73.726,44.0,0.851,0.5965855103940001
48,2020,YR2020,Cyprus,CYP,1.0,13.2,78.009,69.9628437276103,10.0,21296.5768367344,0.1525539437,5.7,4.14165764702056,77.5117436425284,176.48,3556606001.94186,19.2,9.1,0.755520224571228,98.06997,86.0,0.0,97.8604881007199,5.91527040462518,12.7605163058007,8.56086119538577,1.72335918685332,0.31300931899999995,15.3138528138528,55.0135222442413,48.4308616099247,9.37046677967732,2912000.0,75247.26,356.205,127.65700000000001,37.3,0.887,0.634694812195
49,2020,YR2020,Czech Republic,CZE,1.0,8.9,74.9682926829268,48.0909898172434,9.0,16242.5431891497,0.09780527888,4.5,3.77538829151733,77.8175954130084,92.26,25544095995.6033,24.0,6.4,0.752257406711578,89.22807,97.0,13.8739966233228,89.962835459286,3.05448448687027,9.63933161324275,8.06603108565235,0.0690274135470235,0.42237840930000004,55.3901902420085,-17.4232466064203,43.3186186320904,14.3582636090256,20108000.0,152482.468,2737.515,137.17600000000002,43.3,0.9,0.6264696885380001
50,2020,YR2020,Denmark,DNK,1.0,12.6,76.5926829268293,44.8472655641397,10.0,28670.589999229,0.39172430859999996,4.7,2.90328203236457,81.6811516828855,91.72,43442836590.6923,17.9,5.6,0.755094826221466,98.10583,99.0,19.8528361194456,88.2800504024992,7.01146142066434,5.65752087079692,21.9380936434814,17.2888866115727,0.6297378451000001,62.3851048786236,-5.42255822264862,49.9772770936251,13.7099287322626,21119000.0,43634.52,429.88800000000003,136.52,42.3,0.94,0.7500772925200001
51,2020,YR2020,Djibouti,DJI,0.563994293212891,31.48,57.022,156.538300905396,10.0,4103.95514221253,0.00194500528,80.0,1.74665224985432,70.0722694952796,72.47,206537212.822345,42.6,5.3,,27.03563,50.0,0.0,0.0,6.47331941297147,6.45463776228492,0.596129445834392,,0.00032051997000000004,69.0681622088007,8.1014958384422,78.5185811735321,-22.6226773389716,20100.0003814697,11256.05,146.761,41.285,25.4,0.524,0.31090966511209006
52,2020,YR2020,Dominica,DMA,0.80992317199707,15.4,76.5975609756098,43.3357101445412,12.0,6516.25745451478,0.08814844197999999,14.1,0.856946805358478,80.3998462791618,107.5,130388888.888889,30.5,11.5,0.544749319553375,98.3451,99.0,0.0,0.0,0.0,9.58032780273318,5.27674301339677,0.0,0.01722900215,28.0,7.80896108994258,,,312000.0,2416.969,,98.56700000000001,,0.742,0.47803259950638854
53,2020,YR2020,Dominican Republic,DOM,0.88764932,24.771,69.429,35.4978251417861,9.0,6760.12568708907,0.03704692356,32.9,7.72413566181619,31.8464351894634,55.12,6416000000.0,36.3,11.2,0.502766907215118,86.10226,85.0,0.0,87.1480801652815,15.8079645538506,22.5493669421679,4.06910203732139,0.148528395902227,0.08327284492999999,52.0596149865452,67.5898410359374,65.8892952684275,7.53186086507431,3161000.0,24600.236,321.445,222.873,27.6,0.7559999999999999,0.509500833739
54,2020,YR2020,Ecuador,ECU,0.935229873657227,25.503,72.761,32.1275352850362,10.0,5838.90252506331,0.01462188536,24.2,96.0941136930836,45.5937081631531,72.75,3653382344.86,29.8,5.9,0.594254851341248,97.06899,99.0,2.28318584070796,84.1073273286831,50.6508422802778,8.14141693943506,-0.127889942196138,0.0,0.038026048640000004,32.477049444355,28.988261248417,66.2686406303593,12.8217293340575,627000.0,21798.316000000003,1061.267,66.939,28.1,0.759,0.5232966952514748
55,2020,YR2020,"Egypt, Arab Rep.",EGY,0.977,25.958,68.602,16.2011173184358,9.0,5794.12525672253,0.00641265038,37.2,2.68380535348548,45.0768656084691,71.99,15382000000.0,29.9,11.4,0.494374662637711,88.71319,98.0,28.8349766476388,93.8815510707984,41.9128863608293,7.58487691222193,1.23699720670391,0.0510824757424287,0.01975692517,3.30604249334472,32.6078738587156,71.7429518183743,3.98735047640331,5506000.0,2233.697,130.963,97.999,25.3,0.7070000000000001,0.54157012015
56,2020,YR2020,El Salvador,SLV,0.8451924900000001,24.931,68.875,26.8272702258496,9.0,4447.64319702201,0.01177397269,27.1,2.27128756828722,71.3778883660865,102.35,3514500000.0,16.1,9.0,0.546176612377167,90.9739,97.0,0.0,44.9385009585003,2.64228351172831,12.0186037251618,1.47137092746017,-0.0424270740328768,0.1262968891,67.476833976834,54.730441248583,72.7635633928574,13.1494438463617,867000.0,10668.495,327.464,307.811,27.6,0.6729999999999999,0.48160644885150006
58,2020,YR2020,Eritrea,ERI,0.292266216278076,32.518,55.273,9.67062059350866,8.0,1528.58166086177,0.00136711941,56.2,,,75.74,471263649.054983,45.0,2.5,,53.25711,76.0,0.0,28.2660748618078,0.0,1.52640165975865,3.94553485154135,-3.9463036023817,0.0,74.5544554455445,49.3522732134717,98.1767931442581,-32.2801484516088,70000.0,1035.126,2.82,44.303999999999995,19.3,0.45899999999999996,0.16122491074644182
59,2020,YR2020,Estonia,EST,1.0,9.4,70.4170731707317,61.546328393239,9.0,9437.80654804971,0.2857695381,8.7,4.0184895250876,66.4507525242903,73.83,2815986132.10103,25.8,7.6,0.77720320224762,99.11009,93.0,10.1924975320829,28.6516233078236,4.49531276691932,7.21716498834983,7.30960979237904,1.62150169093863,0.3981096581,23.2602028780373,-68.1490184060815,48.3695109594948,-5.35218709045597,3310000.0,92307.87800000001,878.9789999999999,31.033,42.7,0.892,0.689830304145
60,2020,YR2020,Eswatini,SWZ,0.26899999999999996,32.318,47.49,71.2690588001201,7.0,4721.95505499826,0.00926191777,67.1,12.2085358545844,50.3294496499372,75.33,1056597749.65615,35.2,4.2,0.37250080704689,82.0736,92.0,0.0,0.0,0.698798009114149,12.5779602919107,5.21592323200129,0.982347919031038,0.03282161453,71.1046511627907,24.456253151216,84.6396676822046,5.48008879205338,1151000.0,15909.82,578.367,79.492,21.5,0.611,0.1544738326725
61,2020,YR2020,Ethiopia,ETH,0.127,43.728,51.941,16.6868531997337,8.0,482.884422173038,0.00015263767,87.0,0.66245810926647,35.0041070481172,39.31,1131380361.49943,36.8,2.5,0.382784843444824,40.27072,36.0,0.0,3.42708854756366,0.00266192229379073,20.0807433687151,1.63350636934485,0.0,0.00026813216,30.662,172.832220006481,98.2724305089376,22.2064106961939,136000.0,2244.728,32.262,104.95700000000001,19.8,0.485,0.06993023640050001
63,2020,YR2020,Fiji,FJI,0.7576808929443359,24.738,65.687,65.1585194806064,,5836.73921691918,0.01496854734,19.3,1.09216459977388,70.1430874017209,150.5,763037190.480488,46.1,9.4,0.508573293685913,94.87509,81.0,0.0,0.0,0.00531870411286507,6.77377582868218,0.0351149987054547,0.136939673507065,0.0678872906,23.4263820470717,-32.3840267584447,62.4614632641492,,434000.0,132.747,2.231,49.562,28.6,0.743,0.4287522117483848
64,2020,YR2020,Finland,FIN,1.0,11.0,77.4658536585366,42.0310461588074,10.0,26796.3603423706,0.37248461740000005,3.5,3.04210080667796,86.0844924575984,108.21,31330736652.7674,16.9,5.7,0.796001017093658,99.73543,96.0,15.0555009133062,49.7867013796177,3.43832095697989,11.8617839667486,10.7409341015648,22.4986093822408,0.7187081844,7.2819199579763,-0.579156977486184,49.5436301059388,14.8625287138561,2714000.0,15719.261999999999,164.96099999999998,18.136,42.8,0.938,0.75224043453
65,2020,YR2020,France,FRA,1.0,13.3,79.0560975609756,28.5949742490286,15.0,26101.9688962674,0.1430792394,4.4,1.6759598872093,84.3891323092084,102.43,292717395729.502,14.8,6.7,0.762737214565277,96.18632,84.0,22.6149018019842,52.8059388521141,2.77063410483004,9.99610442309541,3.03829068496787,12.7433522905749,0.4922869227,54.4360781420356,0.944124387075851,53.7619235066963,15.3534887447116,190282000.0,83693.303,1538.82,122.57799999999999,42.0,0.9009999999999999,0.6493064260600001
66,2020,YR2020,Gabon,GAB,0.736,33.377,58.264,69.0321767086082,10.0,13852.3390101064,0.01216140618,53.8,0.504920025834855,81.5877558194148,78.98,798060301.172577,57.4,5.0,0.457612454891205,,55.0,5.0,32.4308850158674,83.3255028286385,4.11717232934453,5.48675259436268,6.82769826637676,0.09769123057999998,8.02188846198626,168.17205687441,85.9736987927364,-16.4777635248316,230000.0,10367.394,62.451,7.859,23.1,0.703,0.41882561522100004
67,2020,YR2020,"Gambia, The",GMB,0.34299999999999997,42.682,55.956,25.7986743189831,9.0,1913.78299217047,0.00921794919,61.3,0.844969566773716,50.971163115798,110.69,130456325.436426,61.1,4.3,0.421570628881455,64.5223,89.0,0.0,0.0,0.0,11.9040281454085,5.55871041308145,-0.000948980532151245,0.00424981957,54.5454545454545,140.8384832234,98.5604887075289,1.01798116259158,79000.0,2440.554,72.0,207.56599999999997,17.5,0.496,0.19230126417350002
68,2020,YR2020,Georgia,GEO,0.9990000000000001,12.063,69.902,22.9944664162433,9.0,3104.5156688912,0.00484746299,31.9,4.06396201382596,54.9035089108937,133.92,1013301784.05,29.9,7.5,0.568925797939301,94.62166,73.0,48.1002425222312,59.0122007579903,8.12839637330198,19.5573238427493,4.29984434616356,0.111163057064478,0.04464297381,43.1716793783278,-69.7694230087339,50.9536394319557,15.6487514687395,387000.0,78075.542,1035.302,65.032,38.7,0.812,0.5556109094275001
69,2020,YR2020,Germany,DEU,1.0,9.3,77.9268292682927,30.8477115722895,13.0,27210.8722581114,0.302163466,4.4,1.44026818676794,85.6988090597341,101.29,458490174761.432,16.2,8.9,0.751162469387054,86.46473,92.0,19.8279556590394,83.6219751354806,1.41134713629722,8.63348975806015,12.7631930755001,5.05222621842603,0.5921557459,48.9124516406362,-19.0895185532974,47.4073731274062,10.7843137254902,18983000.0,40865.825,993.1139999999999,237.016,46.6,0.9470000000000001,0.7149727876900001
70,2020,YR2020,Ghana,GHA,0.43700000000000006,35.671,57.002,48.8022576190038,9.0,1771.53600416149,0.00153615298,64.1,25.1932193743247,21.1189572582719,51.6,2766555192.42862,55.2,4.3,0.450056403875351,67.9238,90.0,0.0,28.3502109341616,4.89527474500612,21.4392816342985,3.3293033790627,0.0,0.006745472860000001,61.1118484662037,265.138824741469,82.9171783844343,21.6793579357206,399000.0,2980.117,25.07,126.719,21.1,0.611,0.24156220082900004
72,2020,YR2020,Greece,GRC,1.0,9.6,77.8878048780488,23.7183809477501,10.0,19524.6802172826,0.09138837307999999,5.6,3.15118062995734,72.2012934085379,110.36,30320946978.7648,20.2,6.0,0.690006494522095,99.11835,89.0,4.26272814601345,94.5911932503073,14.6891493739015,13.4256742932379,-0.00629772312613624,0.774947789605089,0.5353137816,66.1675717610551,19.2081492177382,46.0516888354435,20.1801069266456,13567000.0,33236.126000000004,1002.873,83.479,45.3,0.888,0.635517308738
74,2020,YR2020,Grenada,GRD,0.859598083496094,18.444,72.648,45.3283259733251,9.0,7641.54665529521,0.04063907991,12.9,2.18181818181818,73.5382535352993,103.91,220940740.740741,27.0,9.5,0.565070509910584,99.18575,92.0,0.0,0.0,0.0,8.76422567382064,7.19311842194662,0.0,0.041815370549999994,35.2941176470588,200.800343890883,72.2005459082003,,316000.0,1421.9820000000002,8.887,317.132,29.4,0.779,0.49118416094635176
75,2020,YR2020,Guatemala,GTM,0.73318205,35.341,67.849,20.1950343956927,16.0,4842.2164822443,0.00712332905,40.8,5.9775773473714,51.8587056854268,51.38,4742000000.0,27.1,8.6,0.461270093917847,83.54524,86.0,0.0,42.2766651403094,5.98784939396314,14.3561297097302,-4.08837713928081,-5.28025883382894,0.07354303498,41.6666666666667,369.60482770364,91.255325844573,6.03578877978812,826000.0,12752.987,421.03,157.834,22.9,0.6629999999999999,0.41309759616550007
76,2020,YR2020,Guinea,GIN,0.155391550064087,44.21,51.203,24.5238730443766,6.0,1224.34170976428,0.0009542492399999999,99.9,31.3733025877534,32.1480918436303,58.84,585850895.353908,59.0,4.3,0.37094247341156,45.75882,42.0,0.0,,0.0326893650491384,24.9435526884595,0.331913251937094,0.0,0.005110226890000001,54.8958163763633,29.4449487953722,99.4501086108102,18.1441799428497,33000.0,1694.004,10.965,51.755,19.0,0.47700000000000004,0.08631036245824786
77,2020,YR2020,Guinea-Bissau,GNB,0.145361990950226,41.828,50.368,21.7558574111665,6.0,1072.5133898922,0.00230103171,104.6,8.63632094930279,78.3888038782586,62.03,61718449.3906535,56.6,3.9,,49.18684,71.0,0.0,0.0,0.809891939704249,1.24161453479695,0.189713801941813,-0.100762110904178,0.0,23.5817923186344,316.956877213001,93.5627898283346,30.5436331919163,7800.00019073486,1898.376,34.045,66.191,19.4,0.48,0.08075445612112431
78,2020,YR2020,Guyana,GUY,0.745240783691406,25.704,65.242,96.0799732120736,6.0,6008.17821048084,0.06611491566,36.9,6.1485433302487,56.4365665864716,79.52,550100000.0,38.3,9.5,0.495226472616196,91.33466,86.0,0.0,0.0,1.29251571035002e-05,22.2771792624747,9.41532518977148,0.280635624136259,0.05334029717,5.69357378714757,-73.6772723122313,65.925236261502,,105000.0,17041.315,378.865,3.952,26.3,0.682,0.4383566812282733
79,2020,YR2020,Haiti,HTI,0.337,31.777,57.131,6.71748427743739,6.0,2095.53603632019,0.00231270715,74.3,9.33322197565604,32.2636202630057,58.57,1086720000.0,54.1,7.2,0.446564912796021,,55.0,0.0,23.3076771166876,,,0.192904994495278,0.0,0.00649825858,61.3207547169811,34.0137189438981,79.7421074862902,29.2616770018586,445000.0,1145.009,22.276,398.44800000000004,24.3,0.51,0.18680927336050002
80,2020,YR2020,Honduras,HND,0.674056015014648,33.829,70.689,53.972182998888,9.0,2591.33221428829,0.01203855999,30.3,11.0480349344976,48.1155372323814,63.99,2679944500.0,26.0,9.1,0.481023132801056,85.74906,98.0,0.0,48.2721635752463,0.1020976911118,13.5616913299606,4.92683334120925,-0.354488916822347,0.023617124870000002,26.2311198498525,59.8122053889782,86.9258424730074,3.80733947931948,689000.0,21522.002999999997,536.922,82.805,24.9,0.634,0.37730601674155645
82,2020,YR2020,Hungary,HUN,1.0,9.6,71.2463414634146,66.8578897770738,13.0,11858.3344508621,0.06999676351,8.7,9.80361016908127,57.8770182068018,75.55,28761433460.8977,24.4,6.4,0.683087289333344,96.8381,99.0,39.6150814503416,80.5389134842981,1.61330662038295,4.70177028043826,5.81915570397215,1.28349194216975,0.30099084130000003,65.32024101763,-22.6239614897618,46.8987244618673,23.1803751309476,31141000.0,80876.883,2867.494,108.04299999999999,43.4,0.8540000000000001,0.6045979513585
83,2020,YR2020,Iceland,ISL,1.0,15.3,79.6536585365854,32.2044975223017,10.0,29719.3598977329,0.4447053382,3.2,5.13647123245151,54.7318525647267,88.71,2414538371.50688,16.3,1.6,0.745281875133514,98.91577,91.0,0.0,22.622225912865,0.359889067918245,9.29894410080539,1.72331124916198,4.16004196936534,0.7662952199,18.8428927680798,-81.0563301790452,53.4065802178858,7.80327919974314,328000.0,18965.568,84.98200000000001,3.404,37.3,0.9490000000000001,0.7822763903600001
84,2020,YR2020,India,IND,0.5912545776367191,26.401,62.505,12.9972363111656,8.0,2095.64696100574,0.0052753245,66.7,4.00943919152636,54.3383216506908,68.19,53887205923.7176,53.7,7.8,0.493510901927948,83.85499,56.0,4.25531914893617,63.7273945117512,3.40561977719471,36.5329279096951,0.765212648995792,0.108782767313431,0.00338555535,60.8689656564162,35.8820305287735,64.1803725759656,4.58971646141894,2649000.0,14172.025,156.189,450.41900000000004,28.2,0.645,0.3273749368101955
85,2020,YR2020,Indonesia,IDN,0.863,21.773,65.772,40.9773084738704,9.0,4743.94469427917,0.009255638640000001,41.0,3.68861915958351,44.0160379497831,66.07,40365380000.0,43.4,4.8,0.540038466453552,96.15226,76.0,18.4617526275492,61.9522672519218,25.2438359749654,18.2609165066482,-2.75743993350903,0.0,0.01734793002,26.0420519218137,-46.5747587610377,54.7784779568434,25.9339702392421,5064000.0,6116.035,166.903,145.725,29.3,0.718,0.47962426652600004
86,2020,YR2020,"Iran, Islamic Rep.",IRN,0.9790000000000001,17.654,70.176,21.4670575678449,5.0,10309.0665605547,0.0093419002,28.3,14.4767513188566,25.615453804342,68.39,15207000000.0,29.8,8.0,0.593404471874237,86.16734,99.0,32.3840015761994,99.6651965378251,88.8675310777915,2.28359673624293,0.0355866340456875,0.0100308684119037,0.014668470800000001,38.6085119968565,57.9376461596461,62.1897139588519,15.9335600031287,1342000.0,29956.763,858.2860000000001,49.831,32.4,0.7829999999999999,0.5431865121500001
87,2020,YR2020,Iraq,IRQ,0.976221115649304,35.821,69.082,75.7037742203896,6.0,9576.60435368993,0.001,35.3,4.97896213183735,18.1585809727587,111.59,20002200000.0,40.2,10.2,0.407643288373947,88.89713,86.0,8.13423769993926,99.6786843065223,97.0120267860648,0.0242816275530445,0.819047735654686,0.177560193552121,0.0,18.9770674714772,24.5688441482444,86.5947141734283,-12.4188131916823,78000.0,26611.124,385.30699999999996,88.125,20.0,0.674,0.5372716136071172
88,2020,YR2020,Ireland,IRL,1.0,14.4,76.5365853658537,94.4895147601456,10.0,30186.7833121639,0.1785046724,6.0,5.59071729957807,78.3595720622771,96.97,67697287156.5161,17.5,5.2,0.792599022388458,99.95917,79.0,19.0874321800231,92.5157191050349,0.344013748161195,4.06644829607448,25.8173984796384,4.63552446165987,0.6505241861000001,64.044128320511,3.90358859019853,47.0320778024945,21.6865355034983,6646000.0,50515.858,993.561,69.874,38.7,0.955,0.6775290539500001
90,2020,YR2020,Israel,ISR,1.0,21.7,78.9536585365854,35.5686038158534,11.0,24930.140618189,0.2087379,5.6,1.05074893807288,80.7864164432529,88.53,34747200000.0,19.5,6.5,0.733995318412781,97.85012,95.0,0.0304265806608653,97.2073148835389,0.0238160661016825,10.0361468057881,6.08078810629506,2.52019292586839,0.7399994955,26.1552680221811,65.6664982921108,61.5714331224264,11.9597797839345,2672000.0,96872.165,735.1360000000001,402.606,30.6,0.919,0.69705821455
91,2020,YR2020,Italy,ITA,1.0,9.5,79.7780487804878,25.6277321000853,12.0,27084.1918203274,0.2311087424,4.7,2.53768532095005,80.7107504637521,116.25,225178040923.841,19.0,5.9,0.727819681167603,99.68455,74.0,29.4522666232604,91.7300953931907,2.02151286901693,9.66840475794108,1.1516557383088,0.567570354338187,0.7451821660000001,53.167182346741,7.58403611154472,48.3877359861389,10.9908182014587,62702000.0,66746.526,2001.808,205.859,47.9,0.892,0.70540627644
92,2020,YR2020,Jamaica,JAM,0.844108505249023,21.372,74.142,38.7900457000845,6.0,6355.84007317132,0.03115778027,18.7,8.17108356120219,33.9763982618992,97.2,3004300000.0,27.1,10.6,0.534977912902832,92.8489,88.0,0.0,84.5570703738397,0.292569095461062,18.3692099061243,4.66982218559556,0.284908121904782,0.1382272429,44.2289935364728,32.6767228308572,66.5609047879576,3.95115298557459,2230000.0,15459.139,263.072,266.879,31.4,0.7340000000000001,0.4889876252714627
93,2020,YR2020,Japan,JPN,1.0,9.4,81.0760975609756,10.6244850068159,9.0,26838.6913604846,0.2999074036,3.3,-0.676578683595063,102.659069325736,118.97,336333048850.373,26.2,5.0,0.804714262485504,,96.0,12.3277824728347,80.6737656342559,0.31713063235683,20.3931823057802,0.218682871221014,0.921274923000361,0.5236997183,14.4252400548697,7.78113153500644,46.5594915841612,9.26672352511812,4757000.0,4738.06,81.288,347.778,48.2,0.919,0.7073375630900001
94,2020,YR2020,Jordan,JOR,0.9868096160888671,31.709,71.73,41.8292026516424,10.0,5937.21438596151,0.026232754219999998,22.6,0.666880925597913,67.2353965011268,54.29,4073693980.93089,33.2,10.1,0.553174376487732,91.29915,94.0,2.86119650035469,98.4559406997705,0.0134095616213473,15.8472296777516,10.7944716101145,0.101693091616523,0.07592963036,12.1146872166818,53.4488577641731,74.4300072462189,14.3447650141943,2700000.0,69789.98599999999,869.438,109.285,23.2,0.7290000000000001,0.559519715861877
95,2020,YR2020,Kazakhstan,KAZ,0.990752029418945,14.92,65.45,56.6024267995373,9.0,7733.78944301187,0.006685944029999999,36.4,,,49.22,7060340912.456,36.9,5.8,0.628506422042847,94.65791,99.0,17.1458734397317,97.2521223441322,50.123791354162,8.30204873677645,7.49246611635896,0.504918638561807,0.013221451129999999,79.7841612030966,-44.2921114016635,52.3557229058418,27.9999999979879,1683000.0,20154.811999999998,177.933,6.681,30.6,0.825,0.5485758417039198
96,2020,YR2020,Kenya,KEN,0.153646945953369,40.037,50.921,21.5875711417625,8.0,1617.53495474086,0.0031805971399999997,59.7,9.98002515350979,38.0878723316079,59.53,3021577321.15368,47.3,3.5,0.546752512454987,64.3069,78.0,0.0,18.2398629311412,8.07794915983307,22.1958090573601,0.872895972152775,7.870695737969e-05,0.003985789639999999,46.8619320378114,18.7301964408302,90.5554089036542,1.91848041939535,1037000.0,2976.551,51.031000000000006,87.324,20.0,0.601,0.08601760823735295
97,2020,YR2020,"Korea, Rep.",KOR,1.0,13.5,75.909756097561,33.9391689573172,6.0,18539.3769836658,0.447,6.4,2.25918477850415,73.1145005331247,116.39,154131100000.0,21.9,7.9,0.798776268959045,99.67971,95.0,8.7045579307011,83.9686000940826,5.44240824095879,23.726777007127,1.99754203031639,0.84038249300528,0.5659946726,20.4540742276591,70.6547997062748,38.5057635857634,22.092734793113,5322000.0,2403.783,35.751999999999995,527.967,43.4,0.9159999999999999,0.7630494672600001
98,2020,YR2020,Kuwait,KWT,1.0,22.817,73.142,56.4721744466436,9.0,56179.2950259742,0.06731395768,10.6,1.81294613887087,69.9434341326304,37.26,6451474442.26722,25.4,14.6,0.562588036060333,91.30349,99.0,38.6553471176229,100.0,94.3054880797806,0.581146846530528,0.0432209120217044,-0.803908963603699,0.2327488371,8.30527497194164,,42.7696910845167,5.16781197091922,1944000.0,64457.543,367.399,232.128,33.7,0.8059999999999999,0.596834768898
99,2020,YR2020,Kyrgyz Republic,KGZ,0.997537689208984,19.8,68.5585365853659,41.8478618433635,10.0,1863.73919003394,0.01041401145,42.4,18.7007342838023,48.9869015768215,79.29,506216118.703,37.7,5.2,0.596617102622986,92.73983,98.0,28.3227848101266,62.7833522583439,16.3595281000071,23.208376523416,-0.172311073962181,0.328541855053039,0.0018290036100000002,55.8602711157456,-70.0330516024194,67.9193312570811,0.391614835291421,173000.0,14676.456,247.08,32.333,26.3,0.6970000000000001,0.5524735334334413
100,2020,YR2020,Lao PDR,LAO,0.430939025878906,31.985,58.803,30.6620036018333,5.0,1831.96916204288,0.00111044032,76.0,25.0846414281315,48.1443015869662,37.65,535280000.0,50.5,5.6,0.456665337085724,75.85907,42.0,0.0,,0.870340668552997,25.2910879430462,1.95760389975157,0.572395000656716,0.0023819899699999997,7.82495667244367,-18.1244543805191,88.4279466708951,7.38800000000406,737000.0,112.844,,29.715,24.4,0.613,0.2376433173423983
101,2020,YR2020,Latvia,LVA,1.0,8.6,70.3146341463415,36.8292876336367,11.0,8033.30513072533,0.06319062083,11.5,2.65425477796052,59.1728345741562,50.44,2204241910.9965,27.4,7.6,0.70658141374588,98.60436,97.0,39.3764434180139,63.3882903137833,2.4689005832647,12.2939184638046,4.07817975141114,0.0871249828682715,0.1683072138,25.532188565181,-65.819508405466,48.9092587840456,2.67453316321517,1882000.0,63285.905,1134.025,31.212,43.9,0.866,0.5889474386705
102,2020,YR2020,Lebanon,LBN,0.9990000000000001,21.119,74.507,14.1775557263643,6.0,8952.10760910414,0.07952743736000001,16.9,1.19509671165545,95.0333819639543,109.15,6127505650.8659,29.7,7.8,0.515125513076782,,71.0,0.0,94.0361365495468,0.178629678109887,16.5230785906492,5.75581691967717,0.799079285165258,0.1933497069,58.1622678396872,,58.2118679342463,-5.20000000039212,742000.0,77285.54400000001,1069.8210000000001,594.561,31.1,0.7440000000000001,0.596619573766
103,2020,YR2020,Lesotho,LSO,0.0425876010781671,30.952,47.691,52.1895534855909,7.0,1257.42172189569,0.0021180607,75.3,6.13197538722695,50.6852538964192,115.34,794974348.165132,36.6,3.9,0.400392591953278,74.70101,74.0,0.0,0.0,0.0170708075774557,18.9304560252232,3.65179884057735,0.0,0.010625716989999999,76.8774703557312,71.6177338835879,78.8611963122709,6.34124759251139,302000.0,5009.215,147.50799999999998,73.562,22.2,0.527,0.02522707353699191
104,2020,YR2020,Liberia,LBR,0.03,42.914,51.734,31.3764073226545,6.0,993.400520400975,0.00017702706,126.9,14.1596470116325,41.0286645662337,86.68,278897108.322351,56.0,4.7,0.319014221429825,43.79097,63.0,0.0,,,,2.37986270022883,89.2330164374485,0.0005266010799999999,14.6320598006645,18.4756514559319,85.7497696432519,-16.9694660194175,,415.01300000000003,16.805999999999997,49.126999999999995,19.2,0.48,0.016614619579
105,2020,YR2020,Libya,LBY,0.970607604980469,21.626,70.852,31.558004285277,9.0,18043.576054245,0.0018704262199999999,24.1,-2.90000000000024,98.8052867026555,83.92,4129000000.0,32.2,9.0,,,93.0,20.1743462017435,99.1182837330156,96.6247232936984,0.682894165368475,0.368432812978268,0.256073870013264,0.007465624069999999,8.78070404764882,4.24522555238267,60.3032539709372,4.87289083437557,963000.0,25833.297000000002,440.82,3.623,29.0,0.7240000000000001,0.535235394323258
107,2020,YR2020,Lithuania,LTU,1.0,9.8,72.0195121951219,38.593931417507,10.0,8449.56543083844,0.06427067495,8.6,0.981615478857527,74.4044778412456,68.47,4501547500.0,26.6,7.6,0.70604795217514,97.92808,97.0,39.3729273439855,58.6737698267062,20.8549209883702,21.7232648402355,3.2996083516447,0.0442307912681271,0.1496356629,54.5309508615188,-60.8845095469926,51.3961003845971,6.59129643977356,4092000.0,91340.345,1446.2079999999999,45.135,43.5,0.882,0.5874583025225001
108,2020,YR2020,Luxembourg,LUX,1.0,13.1,77.8731707317073,148.484907700666,12.0,55365.293061939,0.22887327970000002,3.9,3.15076707022592,80.0532095732096,112.82,11055163352.2575,14.2,5.3,0.686146140098572,97.10292,93.0,18.6470850022252,83.4434126190809,0.0947141236673684,6.69482281028713,17.9671209591465,43.2644500617652,0.6954182842000001,52.6748971193416,-21.6274185153205,49.2930564870451,13.6778970948116,852000.0,107360.34599999999,1271.614,231.447,39.7,0.9159999999999999,0.699647476315
110,2020,YR2020,Madagascar,MDG,0.135863637924194,41.275,58.485,19.1196684495627,5.0,1295.84787358173,0.00196394691,68.2,11.859684500028,37.7489052028752,70.23,632674122.830293,44.4,3.2,0.391991019248962,66.39113,57.0,0.0,,3.79939840462356,22.7000349897239,1.79192380694397,-0.0198952439111517,0.00400169825,69.6426729029817,74.1087608031296,92.745011483304,16.6549834681008,282000.0,1346.8629999999998,23.618000000000002,43.951,19.6,0.528,0.07581255210180672
111,2020,YR2020,Malawi,MWI,0.048,43.727,45.09,25.6036524824415,8.0,680.734157388468,0.00126780945,99.8,29.5814884631684,32.3572237502022,56.68,461970787.054966,43.7,2.3,0.413240641355515,98.46028,73.0,0.0,,0.175344633661665,15.7267764048647,1.49124743120067,-0.0344134176281806,0.00439510841,50.1697072549852,80.9794608692688,96.8618317429599,20.863576329089,228000.0,1782.283,60.011,197.519,18.1,0.483,0.027283244148500002
112,2020,YR2020,Malaysia,MYS,0.993,21.98,72.594,119.809708726968,6.0,12913.1721361343,0.2138473116,8.7,1.53474023697698,80.519271906486,102.36,77519236842.1053,37.1,11.6,0.610976159572601,98.41488,96.0,39.5386140923938,94.9730969134974,9.6183788648881,4.84724058569142,4.03842862393764,2.1602071823592,0.22081966239999998,21.1191599452138,-13.6937288623313,59.4165408258598,24.3745382212631,10222000.0,12716.864,46.994,96.25399999999999,29.9,0.81,0.6430785253
113,2020,YR2020,Maldives,MDV,0.838,21.385,70.173,91.2941274681565,7.0,8460.49140382497,0.02203872939,31.6,,,144.58,341961956.559252,49.9,7.4,,97.09403,99.0,0.0,0.0,0.0,11.685869129054,3.57378188906309,0.0,0.027337346720000003,30.0,,79.3047239496095,1.02422829695557,467000.0,55938.299000000006,135.05,1454.433,30.6,0.74,0.47134728995850006
114,2020,YR2020,Mali,MLI,0.0937932205200195,48.784,48.069,22.4785904568103,9.0,1134.54115619697,0.00142545755,101.5,-0.677661659046742,76.4073268628188,39.47,591120821.176866,61.6,4.2,0.318269580602646,51.62062,49.0,0.0,,2.86321023108914e-05,23.0020129650855,2.03720857000013,-0.617609674297553,0.00094989743,31.6344175907031,128.100614581116,99.4690941162107,0.550940802192372,86000.0,686.194,23.95,15.196,16.4,0.434,0.05218017117151073
115,2020,YR2020,Malta,MLT,1.0,11.3,78.3487804878049,120.249130476592,11.0,18363.4883171494,0.1311370871,6.7,2.36959287531812,78.8368213537536,108.39,3212074669.40825,21.0,6.8,0.709248304367065,99.17215,74.0,0.0,99.9674076094368,3.14383404873875e-07,7.13647244847357,18.2622554042989,4.0084391014766,0.29072895630000006,28.125,-2.00542384822622,47.6196963504534,-11.2753571733405,1387000.0,68639.463,939.8939999999999,1454.037,42.4,0.895,0.624970876115
117,2020,YR2020,Mauritania,MRT,0.222,38.14,60.706,25.5171157140843,9.0,3041.06791306078,0.0019203146200000001,69.2,3.25406745833358,53.1532331319081,60.89,3128825829.56439,54.0,4.8,0.381546080112457,60.07356,46.0,0.0,,25.0244069734591,22.9390675378583,2.25319046661759,0.0205395591029023,0.00581700611,38.5660230911031,99.9455838857094,87.8684915773354,23.2987786117987,30000.0,3963.5159999999996,97.85700000000001,4.289,20.3,0.546,0.12335381072800002
118,2020,YR2020,Mauritius,MUS,0.99,17.0,71.6634146341463,61.094214849751,6.0,9027.42552558895,0.07281535115,16.6,4.19928825622807,56.8934453545595,123.51,1944356995.5037,35.8,16.2,0.62185925245285,93.22731,84.0,0.0,73.8631009648696,0.00818211310058302,11.7247840618692,5.69640519781753,0.277741789138919,0.1518801497,49.7536945812808,,46.8373395225235,-2.03826395663447,678000.0,952.2180000000001,13.367,622.962,37.4,0.804,0.5851733878725
119,2020,YR2020,Mexico,MEX,0.98007132,23.85,74.34,25.4067169365962,9.0,11089.8134294426,0.05081384153,23.6,9.49156149435404,63.3128119183035,72.47,174761226010.0,27.6,10.8,0.612949848175049,99.8354,96.0,20.3994845360825,87.2495319862253,9.66529118455076,2.95290115115317,2.59670994264157,0.0,0.1423448136,54.6979088968338,16.6626186464211,64.873301337638,20.2965316439927,105673000.0,18209.337,1684.351,66.444,29.3,0.779,0.5710585518955
121,2020,YR2020,Moldova,MDA,0.99,11.298,67.006,49.6001138108804,9.0,3083.73543029294,0.01282846417,26.1,31.2993015817784,40.0302451908516,83.72,688000000.0,33.0,7.6,0.584153532981873,92.56074,89.0,49.8956158663883,91.484748344828,0.0904257523649786,32.4197717239679,9.89887383909094,0.00620911013899385,0.03307430677999999,77.3722627737226,-71.6113653160345,48.9805994926946,32.2844874876873,18000.0,62261.35400000001,1444.237,123.655,37.6,0.75,0.5522973931375
123,2020,YR2020,Mongolia,MNG,0.6729999999999999,19.307,62.869,53.9967514658612,8.0,3729.24994454694,0.012556520040000001,50.0,11.5955387593327,41.6342115099872,35.63,608358250.000001,26.9,1.6,0.614397525787354,92.86049,92.0,0.0,93.9270329318181,0.421898129953086,19.0707994856232,4.72312279765318,0.0911442816304427,0.0644860429,83.9813074486985,-10.8303462497027,62.5017792774168,49.5378014856142,158000.0,11373.3,35.079,1.98,28.6,0.737,0.380993386304
124,2020,YR2020,Montenegro,MNE,0.99830220713073,13.688,73.228,36.8149918504193,9.0,6004.40294521435,0.253500686,12.6,2.92451258123646,82.2054794520548,198.33,2776344393.23828,22.7,6.9,0.633181810379028,100.0,90.0,0.0,52.5760757270039,0.92548123185062,14.9692158112192,25.4667515410883,4.32592861331886,0.7864451416999999,38.2899628252788,,49.282275397975,43.8066253058756,136000.0,155266.518,2391.484,46.28,39.1,0.8290000000000001,0.7164359681919016
125,2020,YR2020,Morocco,MAR,0.696658554077148,22.236,68.684,26.7874316586441,9.0,3579.34884605654,0.00693791245,41.7,1.89463456763465,83.6497532900758,51.02,9051825085.23369,36.8,8.3,0.504116356372833,76.69353,93.0,0.259571706683971,86.5299664874557,3.65699503641464,17.6802754648844,1.09774435707875,0.150599559004406,0.08133729629,68.6802599148555,35.7750228762729,63.2862527139539,7.58308858781321,4458000.0,13859.503,244.537,80.08,29.6,0.6859999999999999,0.39372420372893147
126,2020,YR2020,Mozambique,MOZ,0.0598158836364746,44.769,48.946,11.1961980245644,,478.310653295508,0.0010959252999999999,112.0,6.42755278070085,57.2411129240673,53.5,2242326659.4663,51.8,4.0,0.362116664648056,57.01518,71.0,0.0,6.73787485481362,20.9936116957265,13.3241122527834,2.46266505529666,-0.00704597096636067,0.0028830855099999998,47.6232864518426,425.798431280031,91.710821564136,-2.66233322574388,404000.0,2238.491,26.043000000000003,37.728,17.7,0.456,0.033570618406061035
127,2020,YR2020,Myanmar,MMR,0.47,24.588,60.063,0.538837892336937,5.0,920.664746568338,2.89277e-06,65.0,-0.109165514668512,14.9913128688885,60.76,2136889330.87648,51.1,3.2,0.477652013301849,89.72516,84.0,27.1901126862959,27.18147716903,35.1816297827665,18.6826494090863,2.86117768008645,0.0,0.00028675269,16.5437463659455,-78.8522796176486,58.7451934420419,1.1861711648852,416000.0,2625.097,58.978,81.721,29.1,0.583,0.2585296877385
128,2020,YR2020,Namibia,NAM,0.365,30.866,52.192,41.6738516089444,7.0,5127.95303006341,0.01644739547,44.9,7.13615311458628,62.5734769644146,64.39,1309967843.05003,31.8,4.4,0.446437537670136,89.32258,69.0,0.0,62.1520957367416,2.07032021565297,3.06102362736856,5.12131157413048,0.314781590995793,0.045693371840000004,47.1522792697591,365.557553179506,82.6765922620259,-5.20733086887323,759000.0,19148.213,253.058,3.0780000000000003,22.0,0.6459999999999999,0.21107592559850002
129,2020,YR2020,Nepal,NPL,0.277017688751221,31.547,62.288,23.2840037102623,10.0,1184.8431328806,0.00204651684,59.9,2.47882020709133,55.7535086649626,60.96,1590108862.4133,51.2,3.9,0.504601776599884,72.11046,71.0,0.0,11.9736941912734,0.00357579146798016,15.1585859829888,-0.00882425294523833,0.0,0.00042713141000000007,29.6414370422044,24.3474870759641,80.931819148818,-15.0571892115832,464000.0,11287.886999999999,113.19,204.43,25.0,0.602,0.15311872284817155
130,2020,YR2020,Netherlands,NLD,1.0,13.0,77.9878048780488,66.0332693962704,13.0,31884.6894157317,0.43984351369999997,5.1,2.36052233801956,81.9474646746795,96.53,180240689273.628,16.2,5.3,0.789915025234222,99.02854,96.0,46.1228536472177,93.8468325283201,8.35783406616944,10.0631313075168,15.1544784651336,17.8928069623436,0.6753028408,57.9383886255924,-1.84800833761275,47.1668768829015,11.2576116209369,10003000.0,89218.811,1016.699,508.54400000000004,43.2,0.9440000000000001,0.771475513875
131,2020,YR2020,New Zealand,NZL,1.0,14.66,78.6365853658537,35.7454584901409,10.0,21514.4775494886,0.4737955654,6.1,2.61523446246318,76.9981372744839,81.89,12850309726.6231,15.2,5.2,0.775932431221008,97.48362,85.0,35.134534133867,69.4632629023509,2.97081313473213,10.4112410244396,-2.86529455631185,-7.86882775445286,0.39958548839999997,58.5355664425962,13.2943162256031,52.7456354441687,1.11831375806615,1787000.0,542.9019999999999,5.392,18.206,37.9,0.9309999999999999,0.75578699673
132,2020,YR2020,Nicaragua,NIC,0.7283233642578131,27.054,69.527,20.1081658866931,6.0,2783.25672420971,0.00980216487,31.3,7.06991352252514,45.7150162186723,68.51,1653200000.0,28.6,10.0,0.508098244667053,85.15372,86.0,0.0,46.0214318013664,1.71816232105889,17.8138074919313,5.21799162791216,0.0,0.01781191967,42.7206248961276,36.8277795540332,76.8302973285879,-4.74452274441262,581000.0,1041.278,27.474,51.667,27.3,0.66,0.40578980001329723
133,2020,YR2020,Niger,NER,0.0648148148148148,53.541,49.928,14.3397037015635,,777.079622322297,0.00036261294,97.0,2.90014973599111,77.9951800030077,31.95,323524949.635777,57.6,3.9,0.31568518280983,26.89543,37.0,0.0,14.3686786696644,1.63998403949572,15.1733867240998,0.705094150080201,0.299025908084558,0.00018144019999999998,29.2097576379569,60.5402866783979,102.901886155273,7.4583271086545,50000.0,216.015,7.89,16.955,15.1,0.39399999999999996,0.035793206697148146
134,2020,YR2020,Nigeria,NGA,0.42856086730957005,43.156,46.267,36.0232656065616,9.0,2306.11457944236,0.00064080808,110.0,6.93329215565158,29.6007321383724,66.4,8717239390.08564,59.1,4.7,0.360609829425812,66.17986,33.0,16.6705288038189,18.4482984889812,99.6350330189836,1.73223032190323,1.64173932893097,0.243256354717184,0.00024533084,72.6681379492078,92.9138772203991,86.6402596617253,12.5751426200419,1492000.0,800.962,10.008,209.588,18.1,0.539,0.23595729293226353
135,2020,YR2020,North Macedonia,MKD,0.99,12.995,73.267,32.9468400859053,9.0,6128.86480392628,0.02485566316,14.1,6.60742291038535,79.9059590549901,82.31,1506873965.2,28.2,6.9,0.55734920501709,97.70197,97.0,1.03343465045593,87.3184676272423,4.76462481642627,13.8400471131334,5.76505870310164,0.0489728800366787,0.05688368351,48.5646873771136,-21.4782368384188,48.3036128807496,28.6006497413067,224000.0,73237.239,2347.627,82.6,39.1,0.774,0.558887850457
136,2020,YR2020,Norway,NOR,1.0,13.2,78.6341463414634,45.7323541763557,10.0,36952.554147058,0.52,3.9,3.08550609131277,81.9292371731065,95.44,33740476346.9503,17.2,3.6,0.771051168441772,99.70516,88.0,23.9301229318791,54.3440188531711,63.8968667082269,3.47358907799471,4.86551927864212,6.30841092672195,0.7165452385000001,2.85288738487148,5.56101524404258,54.4161248651728,2.01480501801822,3104000.0,20891.707,139.451,14.462,39.7,0.9570000000000001,0.80365452385
137,2020,YR2020,Oman,OMN,1.0,24.139,72.126,60.3399578264674,10.0,35954.3588448369,0.03520421417,14.1,-0.816666666666665,74.7676129523116,75.01,4593000000.0,38.4,13.4,0.608116269111633,98.84849,99.0,50.887573964497,100.0,83.21327323399,1.6350187274852,0.420352170362051,0.0,0.07142942178,3.78998384491115,0.234230722951345,65.3896218964465,3.31272684203012,1095000.0,37843.608,393.60699999999997,14.98,30.7,0.813,0.5694644171375001
138,2020,YR2020,Pakistan,PAK,0.703693313598633,34.703,62.82,12.1195467872054,12.0,2625.26188679599,0.01318550779,84.4,4.36666451291681,43.4116982349521,77.25,9896000000.0,48.5,9.1,0.406070023775101,55.29802,57.0,34.1933928140825,58.5743627882419,1.4399631383441,32.5070592626545,0.375528498067466,0.0134117320738381,0.00215319162,47.6053341635533,43.3479870693911,85.047923789524,-2.25004679674369,557000.0,3757.183,81.805,255.57299999999998,23.5,0.557,0.39186156936774813
139,2020,YR2020,Panama,PAN,0.814014100930039,23.452,75.06,62.0105777619926,11.0,8367.7441778698,0.06554796477,21.9,1.49896111605775,77.3303451904775,99.71,6969700000.0,27.7,9.6,0.501601994037628,94.87504,97.0,0.0,70.2017947082071,6.92997905558577,18.4643217394244,6.72783048597969,1.65716916657557,0.135431214,29.9973096583266,34.4019041769574,60.0100536688499,10.313996772027,600000.0,84557.038,1445.037,55.133,29.7,0.815,0.4841926645810215
140,2020,YR2020,Papua New Guinea,PNG,0.08658045768737789,33.993,59.265,66.1783592514226,,2081.455362048,0.00835249302,53.3,15.5958933107535,52.9052728461743,80.13,998798868.027543,46.8,3.0,0.429185003042221,75.54612,69.0,9.21595598349381,,28.7528694150569,22.1223030451725,2.74030313917345,0.0160233930479972,0.00146385192,2.21922890076403,-72.0124686517847,74.947785697724,-4.74918534481994,120000.0,1242.759,12.853,18.22,22.6,0.555,0.050689009477057845
141,2020,YR2020,Paraguay,PRY,0.891527938842773,26.968,70.546,43.3309260294934,9.0,6653.98191433721,0.00747630712,27.8,8.98215976750022,47.2891418303388,36.45,2739500000.0,27.0,4.9,0.528180062770844,99.10632,92.0,0.0,28.2004230376346,60.5334880926042,15.6302765343089,1.21729436901028,0.111792340011148,0.15419481620000003,42.1302542159577,-38.2150815123822,74.9242724470006,-3.28223893871755,3924000.0,39400.185,907.953,17.144000000000002,26.5,0.728,0.5083765554755253
142,2020,YR2020,Peru,PER,0.7249649499999999,23.328,71.111,16.7683737208169,12.0,5043.26718108623,0.03076430611,29.5,3.75733833344472,79.1618539622357,60.8,7046877429.09,31.6,6.2,0.6051926612854,99.14459,97.0,4.61147421931736,69.9092382480035,6.38432974974618,15.5962705393466,1.56479019339424,0.0,0.04814284565000001,18.065625,11.8061000087454,64.7506363709156,3.79917922001327,1650000.0,54575.197,1864.53,25.129,29.1,0.777,0.4143125142035
143,2020,YR2020,Philippines,PHL,0.747710037231445,29.606,68.793,43.3442192240219,10.0,3439.5388528218,0.01982253196,28.7,3.9771250324928,63.6514522821577,77.74,30055000000.0,42.3,7.7,0.51596212387085,89.66531,78.0,0.0250112550647792,53.0686072962105,1.32698174084571,11.0656027080569,1.77721447219735,-0.750565358802916,0.08275694014000003,37.6764932756481,55.7554780822122,71.6392399979313,11.7946615326589,1992000.0,9551.402,158.36700000000002,351.87300000000005,25.2,0.718,0.42645410067729483
144,2020,YR2020,Poland,POL,1.0,9.9,73.7487804878049,27.1883262545709,10.0,10676.7629895648,0.07285428708000001,8.1,9.90017538843062,76.0476059850374,102.12,48209000000.0,,7.6,0.753088593482971,96.72471,97.0,7.62218655427178,96.2198417670529,5.18695811433877,11.0005750572273,5.42040948157807,0.00464523576353772,0.1749890739,60.1162297169349,-17.1669338900668,46.1594910900065,15.4422556676403,84515000.0,73946.31599999999,1794.7179999999998,124.027,41.8,0.88,0.592997907868
145,2020,YR2020,Portugal,PRT,1.0,11.7,76.3146341463415,28.2046205938904,12.0,18884.886242676,0.1643046769,5.5,2.85303039287156,78.5323684294627,86.08,40060675051.2238,21.1,9.7,0.768949568271637,97.5364,87.0,7.42386157713217,84.0361685337448,2.55282526083357,10.2634410513684,6.16392349483924,7.42159688762768,0.6472641067000001,43.2391256830601,52.1526416383662,47.7087052105516,5.5377299959313,12097000.0,82080.12599999999,1664.851,112.37100000000001,46.2,0.8640000000000001,0.672233047585
146,2020,YR2020,Qatar,QAT,1.0,19.267,77.467,67.2833585991399,9.0,96822.9498734922,0.04863679179,10.7,1.65033522434232,60.8834509095827,92.44,26925851648.3516,30.6,15.4,0.637771606445313,96.05048,91.0,69.9926090169993,99.9999908427491,91.2266807875303,0.41956450698003,1.41667543235467,0.0999438270871701,0.20398738829999996,5.68475452196382,102.196395467298,37.8707877326768,,1482000.0,71606.284,161.399,227.322,31.9,0.848,0.5874216159565
147,2020,YR2020,Romania,ROU,1.0,10.4,71.1634146341463,21.58888431382,10.0,5850.62422082304,0.03613717291,18.0,45.6665940440238,31.9822220530293,69.58,12043000000.0,28.4,6.9,0.584187865257263,90.57431,98.0,34.5505277204901,84.8166027159963,7.16272020298794,12.1461386136284,2.78364907490871,-0.0295276179594946,0.1128857885,64.6772016890862,-46.3652985166105,47.4848746156799,-8.15425893145408,5264000.0,54922.002,1465.5610000000001,85.12899999999999,43.0,0.828,0.5739365893685
148,2020,YR2020,Russian Federation,RUS,1.0,9.8,65.4836585365854,44.0604413055146,11.0,6825.3915111818,0.01977230109,16.5,20.7987606558703,30.7595536540074,63.17,42130790000.0,26.4,7.6,0.681419610977173,92.77496,97.0,46.8985013287261,91.1263841755992,50.6010783794118,4.08446299500192,1.03116111575235,1.22399147492262,0.02228887102,13.2566688683588,-22.8841289361785,44.2756654298684,32.3994009964889,21169000.0,32616.71,744.684,8.823,39.6,0.8240000000000001,0.5591491924835
149,2020,YR2020,Rwanda,RWA,0.062,39.657,48.649,5.4465466217842,6.0,631.425110898729,0.0006283146,106.2,3.89952980284716,46.7113656890543,72.51,1083973488.37042,25.0,1.6,0.379552751779556,81.17581,74.0,0.694444444444444,,0.00711314011479816,14.2514185125066,0.391506798105808,0.318111953863322,0.00491575096,67.6935549250101,50.6883828250288,92.355815833358,24.5322615067226,531000.0,1947.5439999999999,25.864,494.869,20.3,0.5429999999999999,0.034811485206000005
150,2020,YR2020,Samoa,WSM,0.878634185791016,30.616,68.748,33.4331037713525,8.0,3487.16991394467,0.005663925330000001,17.7,0.966782350024731,57.4140461853125,79.23,155377338.63445,40.9,7.7,0.548421680927277,97.56589,93.0,0.0,0.0,0.175210561062137,12.4794632642872,-0.448594013104487,-1.48890971285168,0.014330425209999999,16.9611307420495,10.9454766177024,82.3383084577114,-14.4009974588844,116000.0,15.12,,69.413,22.0,0.715,0.4866642185715589
152,2020,YR2020,Sao Tome and Principe,STP,0.529,39.589,61.365,,6.0,1841.87854571595,0.046385168160000004,55.4,12.2089456308977,22.3493334419534,76.56,25129816.0,55.2,4.7,,95.47684,69.0,0.0,0.0,0.0053100808112838,10.803294693857,3.94990411993897,0.0,0.0,51.0416666666667,112.259785508081,91.040326587616,,7099.99990463257,10503.694,159.7,212.84099999999998,18.7,0.625,0.307184808856
153,2020,YR2020,Saudi Arabia,SAU,1.0,26.375,72.561,43.4052706592712,9.0,39882.6231776621,0.02210691809,18.7,-1.12499477854773,76.6908849105082,108.68,27704000000.0,33.0,16.8,0.576390504837036,97.13673,94.0,29.7215189873418,99.9954157541095,92.2645074235409,0.148183284041524,-0.992569136457648,0.817877531281552,0.0665839844,80.8418888304825,,70.2808047724475,-4.89590236686045,11083000.0,12018.515,200.15,15.322000000000001,31.9,0.8540000000000001,0.5643958197715
154,2020,YR2020,Senegal,SEN,0.3774,39.246,57.787,27.9251163321945,6.0,1884.19939100359,0.00403967486,67.5,0.731981981981545,80.8836341575528,79.22,1339887794.52694,59.9,4.7,0.420110791921616,58.84139,48.0,0.0,50.3018117882171,14.0224652111931,22.5289996842745,1.37812941823193,0.324092383192096,0.025541722199999995,46.8861995533164,341.457767591133,91.9853069839833,2.7641548072141,502000.0,2412.098,66.233,82.32799999999999,18.7,0.512,0.21153805842100004
155,2020,YR2020,Serbia,SRB,1.0,9.8,71.5829268292683,8.78303735272921,8.0,6021.71901512126,0.235,11.0,71.1206287946541,19.7576882232953,97.64,17778180630.2135,28.4,6.9,0.676606357097626,99.70359,89.0,7.47012550291239,84.7516116512097,0.255219813841744,20.0830045192277,10.2457521056538,2.1786766983412,0.5117181283,40.441344614681,,51.5944925085596,25.6267770097124,312000.0,101538.87199999999,938.4830000000001,80.291,41.2,0.8059999999999999,0.68342181283
156,2020,YR2020,Seychelles,SYC,0.940367889404297,18.6,72.7780487804878,75.4732018330345,10.0,14271.419982115,0.07395629182999999,11.8,6.26876876876877,47.0771604674719,124.88,308935738.225179,30.6,14.4,0.632779061794281,98.3664,97.0,0.0,0.0,0.0,21.660755064032,3.95638273275987,1.70779110766614,0.3205220011,8.69565217391304,86.360203420714,56.9052546076933,-27.5301571282832,140000.0,59721.375,284.726,208.354,36.2,0.7959999999999999,0.5751392414228634
157,2020,YR2020,Sierra Leone,SLE,0.168,44.073,39.441,18.1348435554968,9.0,693.011837446556,0.0011825424599999999,139.5,11.6499744518106,71.8527027878371,29.64,136919256.736572,56.6,4.4,0.36270210146904,95.90938,37.0,0.0,,0.0128489031725622,28.3894263333656,6.13342020363546,0.0,0.0026043876300000006,38.9304516486561,53.3305579953697,90.3367552870617,57.8280543072497,75000.0,508.588,9.902999999999999,104.7,19.1,0.452,0.09307432862400002
158,2020,YR2020,Singapore,SGP,1.0,13.7,77.9512195121951,188.350890284751,6.0,43833.2209648019,0.36,3.0,1.36162392448455,85.1991347672751,44.56,139178134105.714,18.8,10.2,0.879125714302063,99.98961,96.0,5.52978150254415,98.9178093257437,7.35946744148839,12.0543894188242,16.1492370418812,7.12816520564537,0.6819280141,1.7910447761194,,33.5010539852575,20.0190452814917,7691000.0,10457.336,5.2989999999999995,7915.731,42.4,0.938,0.7441928014100001
159,2020,YR2020,Slovak Republic,SVK,1.0,10.2,73.0512195121951,53.205468406987,10.0,11381.5144601295,0.09426803201,8.2,12.0357805974299,65.3990786628971,72.9,12790625193.2566,26.2,6.4,0.664987325668335,88.11465,98.0,36.8689965256489,72.5158524953125,6.99870721943942,17.5039415772277,7.48413662230409,0.521587952822828,0.2303551389,50.7276507276507,-30.224616448149,44.9380531782728,6.31873590796252,12583000.0,70099.822,2148.8579999999997,113.12799999999999,41.2,0.86,0.6060293250935
160,2020,YR2020,Slovenia,SVN,1.0,9.1,75.4121951219512,50.1351765505999,9.0,18009.060996176,0.1511025956,4.6,8.91174418658764,66.5351167615768,113.76,9897300000.0,24.1,7.7,0.774986982345581,95.68477,95.0,13.143148242486,70.1382135081145,0.652972324932338,9.06963687845701,0.66930750249216,0.32183932189056,0.6115563735,25.7199602780536,4.75053891471879,42.6192303003793,6.6198328021309,1090000.0,116073.54199999999,2048.167,102.619,44.5,0.917,0.6640415458100001
161,2020,YR2020,Solomon Islands,SLB,0.0467069339752197,35.569,67.442,24.4230769230769,,1633.63421492605,0.0048129680600000006,25.3,7.88956186986721,44.6043518575463,65.93,92337666.8674839,51.5,3.3,0.419872611761093,75.41847,91.0,0.0,0.0,0.000383394351125216,19.6982646536757,0.467030137325978,-2.55492957478329,0.0027892211500000004,2.71525544837442,-30.7857691925911,81.0841528328133,,5199.99980926514,29.116999999999997,,21.840999999999998,20.8,0.5670000000000001,0.02765227462237084
163,2020,YR2020,South Africa,ZAF,0.717508926391602,22.854,56.048,27.1588800453122,9.0,7714.9075260293,0.05348559732,46.3,5.33895158255483,59.898771742989,89.84,27224781269.0316,34.0,4.5,0.425453394651413,90.13609,72.0,0.845414136718864,84.2434264809192,10.1307911708615,14.2907022069658,0.710488510732756,0.203267804937967,0.1854441859,80.888474886447,20.4124691702083,62.2841861517741,5.3375383354648,6001000.0,26688.197,917.336,46.754,27.3,0.7090000000000001,0.4318942871673811
165,2020,YR2020,Spain,ESP,1.0,9.8,78.9658536585366,28.5633579326111,10.0,21593.6489980843,0.1362496081,4.4,3.43351675547435,75.9255998200053,94.81,155779893072.883,19.0,6.6,0.728255033493042,99.83884,94.0,11.8391391528527,80.6349426879774,3.68059055780505,12.1319468735752,6.78694390221214,9.89971212197101,0.5943712239,59.6513026052104,29.8926753886979,45.7804926087699,9.57088033492266,74580000.0,75373.615,1672.898,93.105,45.5,0.904,0.657124485225
166,2020,YR2020,Sri Lanka,LKA,0.636,18.463,71.333,39.015700886425,9.0,4339.68401971546,0.0064741001099999996,14.2,6.17627591012044,36.4800290177408,74.1,6483560837.0544,36.5,10.9,0.598324298858643,99.88005,99.0,0.0,43.0245775978699,0.501162220025128,9.2471986557808,1.05898829001768,0.0122467868286213,0.022910381360000003,37.4740870674534,26.6802890607539,49.1929046929626,14.8881688227905,445000.0,5130.562,32.083,341.955,34.1,0.782,0.35435697317450005
168,2020,YR2020,St. Lucia,LCA,0.899,18.647,73.319,,10.0,9265.61916536871,0.050904833409999996,15.6,3.7107860871361,78.0264360467777,263.68,312459259.259259,23.1,9.3,0.602564752101898,90.66634,88.0,0.0,0.0,0.00530763351270797,9.34616111690207,5.76330420969022,0.0,0.01595110031,23.2786885245902,45.5991119462655,65.9772525098488,,727000.0,24832.679,402.986,293.187,34.9,0.759,0.5138618017245
169,2020,YR2020,St. Vincent and the Grenadines,VCT,0.7986766052246089,19.963,70.809,45.2768874864392,12.0,6221.78003845232,0.03245037411,19.2,0.167679637488285,74.1041164482331,74.93,144355555.555556,27.6,8.4,0.533341825008392,98.18763,96.0,0.0,0.0,0.0,9.63419679066736,9.52513852389046,0.0,0.021904920950000004,17.9487179487179,58.2415247407396,62.1007038440715,,256000.0,16800.815,99.146,281.78700000000003,31.8,0.738,0.45282025590703495
170,2020,YR2020,Sudan,SDN,0.23,39.54,58.472,15.9845570577283,6.0,1824.60990918498,0.00025785032,66.5,8.0330554451262,41.6703268709279,71.89,1366300000.0,42.5,4.2,0.377445191144943,58.74802,58.0,0.0,17.57416470758,66.686198997444,7.1245391908424,3.1996949893252,0.0,0.00068709204,36.8834688080039,471.136150629918,88.1895738272639,24.3103610110234,38000.0,774.1060000000001,53.57,23.258000000000003,19.7,0.51,0.12665895681600003
171,2020,YR2020,Suriname,SUR,0.955531921386719,23.735,67.822,52.7477102414654,6.0,7634.37510105777,0.02506411052,27.4,59.4016865450789,28.9653887739275,61.98,1189100000.0,29.6,10.5,,82.56368,84.0,0.0,75.5848430746398,0.528036150969712,6.70602038886333,-10.2567136211785,0.0,0.08716018082999999,0.564102564102564,-76.2260807598393,61.8102918085395,,72000.0,17775.99,347.74699999999996,3.612,29.6,0.738,0.5430310135276956
172,2020,YR2020,Sweden,SWE,1.0,10.2,79.6439024390244,43.2584584604537,10.0,29631.1608906659,0.4568765221,3.4,0.899143734041743,86.2262960544623,91.66,72038724285.3971,18.7,5.2,0.79535710811615,99.42556,91.0,3.60380442859266,34.8291833726584,3.31858715765176,9.01857207882967,8.68141509900555,15.3071875091141,0.7174688458,7.68387191109811,0.979101816871486,55.5838610733155,12.2460616235098,3828000.0,96403.403,1390.9920000000002,24.718000000000004,41.0,0.945,0.7816536673150001
173,2020,YR2020,Switzerland,CHE,1.0,10.9,79.6804878048781,52.1179026206025,11.0,35765.1708823458,0.47100000000000003,4.7,1.55851846785163,91.7494670079095,122.28,93643766871.3345,13.4,8.9,0.756115138530731,99.29619,82.0,14.2549001219169,54.3591714442937,0.359210741124484,4.57296914747832,8.48388648006432,17.3883376239109,0.6493104961999999,39.6214958000202,-5.90594294541679,48.6140218159613,7.88773284290927,7821000.0,76256.86099999999,1228.593,214.243,43.1,0.955,0.77978104962
174,2020,YR2020,Syrian Arab Republic,SYR,0.866,31.363,73.11,35.3894830794694,6.0,,0.0018169858,19.6,-3.84615384615379,57.7069747014309,127.85,3723000000.0,37.2,10.8,,96.86077,84.0,22.1855018320282,98.1679499065297,76.3427907452439,3.74063328344818,1.39708924846024,0.0,0.0018280591,74.6055065839591,40.2476165170596,79.7097678436227,-2.40340871263398,3412000.0,1303.837,91.311,,21.7,0.5670000000000001,0.47711875094000006
175,2020,YR2020,Tajikistan,TJK,0.984677419354839,30.624,61.974,86.7521128337158,9.0,1048.46111071846,0.00048599595,67.6,38.5918894488599,28.3487683525653,34.75,822901200.0,40.7,5.0,0.504116356372833,96.61952,88.0,64.2622950819672,38.5297454881224,13.306930349854,37.4654873083362,2.73593517602283,0.0,0.00018660495,32.6736210345813,-53.5750031129114,85.616440605848,10.4085478953397,7699.99980926514,1395.3129999999999,9.436,64.281,23.3,0.6679999999999999,0.5417613397226615
176,2020,YR2020,Tanzania,TZA,0.09587760925292971,41.648,50.801,10.8090877557931,7.0,1191.28355524284,0.0011719444,78.7,5.92396109637476,51.7077252594847,33.94,1367602534.4641,54.0,3.2,0.389834702014923,53.56517,78.0,0.0,6.05724192977484,0.102821315130766,13.1756808514402,3.46442642038715,0.0,0.0032991255299999996,38.3833822533303,127.405018422557,89.9582438877454,0.456422695218023,501000.0,8.521,0.35200000000000004,64.699,17.7,0.529,0.053472778182111345
177,2020,YR2020,Thailand,THA,0.821,14.524,70.623,64.840250738685,9.0,7302.89141675876,0.03689041279,18.7,1.59196917460971,77.3524002473063,77.95,56192998493.6107,31.1,7.1,0.609310984611511,98.91908,94.0,20.5414587535832,78.7434647365086,3.20587080220916,12.3378470644383,2.6631284880934,-0.0181789243841547,0.048544428050000005,38.8224471021159,36.4347569634345,43.910581581005,25.9586459733382,9579000.0,960.5160000000001,3.2089999999999996,135.132,40.1,0.777,0.4693160872815
178,2020,YR2020,Timor-Leste,TLS,0.256,39.547,59.002,10.6142970116967,6.0,1268.1860279391,0.0,84.8,7.16515891441838,66.5193311321761,82.1,100605233.949535,37.6,3.5,0.454314529895783,83.94402,56.0,0.0,0.0,0.0,31.6463100541686,0.921492095335178,0.0,0.02117815497,22.6630800268998,35.8281812485467,93.3463052033231,27.3896199831775,14000.0,1726.28,2.275,87.176,18.0,0.606,0.142917815497
179,2020,YR2020,Togo,TGO,0.16956234880140802,39.833,53.491,28.217465289608,10.0,972.455515874878,0.008,74.5,1.86260595463066,74.4945328767797,57.83,485660554.590992,55.7,4.3,0.431868046522141,87.36033,58.0,0.0,14.8586085611843,0.646721411165284,18.8148583147136,3.54917591360206,0.75549609911795,0.010153517119999999,66.7402095973524,64.4615021850552,85.5670468269834,-4.99999623511252,60000.0,1569.3220000000001,14.857000000000001,143.366,19.4,0.515,0.09707464355277441
180,2020,YR2020,Trinidad and Tobago,TTO,0.9129,14.724,69.413,,6.0,14547.304306299,0.07721411474,24.9,3.55541319666879,51.0526154009408,225.97,3305500174.89982,25.5,11.7,0.603487730026245,98.31055,90.0,82.2950315336102,99.7815482349608,65.2767623958138,32.297404635033,8.33298811676719,0.309037969114699,0.1277351669,13.0604288499025,,47.2047257815314,,503000.0,7911.448,122.18700000000001,266.88599999999997,36.2,0.7959999999999999,0.541893456849
181,2020,YR2020,Tunisia,TUN,0.948,17.297,73.172,39.5467039034019,9.0,5978.96629725219,0.027507402929999997,24.9,2.96230794738606,73.9886870868188,64.68,8093043615.71481,33.5,9.3,0.516809940338135,95.23478,95.0,26.7991901343641,87.1175390882176,12.0878012010152,10.5281011471508,3.49608270906557,0.125709790876189,0.012274485369999998,61.476570545829,45.1518892681715,56.9409008192867,6.96287551092448,5058000.0,26291.907000000003,914.4889999999999,74.22800000000001,32.7,0.74,0.5322550395625
182,2020,YR2020,Turkey,TUR,1.0,21.672,70.005,19.881198893771,8.0,9633.08799020761,0.03761685035,31.4,54.9153705812683,20.5948262331839,82.81,52882000000.0,,8.0,0.649261832237244,95.8553,87.0,13.3904487233862,86.2479851404163,1.06880006174656,13.878139528665,0.357998325327758,0.31716755909893,0.25511314850000005,52.5954029858503,40.9900151557537,57.9663794421726,21.7092380849841,10428000.0,57498.952000000005,480.25199999999995,104.914,31.6,0.82,0.5886772124725
183,2020,YR2020,Uganda,UGA,0.0773843336105347,48.584,46.229,10.651409293254,7.0,1137.09901486499,0.00163714063,87.4,3.39202158512999,53.6994387766516,116.17,949700000.0,45.4,2.2,0.384176582098007,91.62249,57.0,0.0,,5.0240653767444,17.2042416540699,2.59476174980504,0.0,0.00536626118,62.6194885140884,97.2088470726783,108.101595780065,1.84418924641629,193000.0,916.137,7.477,213.75900000000001,16.4,0.544,0.043671008824294096
184,2020,YR2020,Ukraine,UKR,0.9988556170131601,7.8,67.6756097560976,62.4448756394426,10.0,4106.83539140998,0.00716183762,15.7,28.2030972388552,34.8449503844237,49.12,13907000000.0,24.6,7.6,0.631387114524841,96.35774,99.0,44.4424129538001,84.1805499328953,5.5427931435479,42.9726619785985,1.90329791979863,0.00319882003327502,0.01675927027,71.4697505825494,-50.6768729350671,44.7544415518969,23.7999999984348,11691000.0,48766.492,1058.244,77.39,41.4,0.779,0.5535531595512381
185,2020,YR2020,United Arab Emirates,ARE,1.0,16.494,74.327,49.1592253276122,6.0,98363.731313815,0.2362530088,9.6,12.250420244814,86.9531235204222,349.41,,25.3,18.7,0.673011898994446,93.69753,94.0,53.6421683606985,99.9463267021532,93.843835816671,0.759902506354052,-0.485281532912816,0.406054970200962,0.4556754142,7.70205575894114,59.2038358413943,37.2417408074156,12.9383331754358,3907000.0,52773.194,160.863,112.44200000000001,34.0,0.89,0.6782560945
186,2020,YR2020,United Kingdom,GBR,1.0,11.5,77.7414634146342,25.1989000146945,11.0,26415.0086611935,0.2682175435,5.6,1.18295624210404,81.4684668022933,98.95,341034099538.907,16.0,3.6,0.782942950725555,99.94481,88.0,36.9471931558215,88.410363733096,8.31363399667227,4.05014241067364,9.90039152020314,17.6163462403099,0.7374331268000001,70.1194560410036,-13.2965698568132,53.6701126633823,9.51432384630866,25209000.0,65317.691,1882.3029999999999,272.89799999999997,40.8,0.932,0.7176194529050001
187,2020,YR2020,United States,USA,1.0,14.4,76.6365853658537,10.6927239610622,12.0,36334.9087770589,0.4307916264,7.1,3.37685727149935,78.9707207568716,79.21,1231722000000.0,9.4,10.3,0.701764345169067,99.43481,91.0,22.0445654680095,85.8808305392289,1.84678858931191,11.1144488011398,3.40531833643252,1.81782793658698,0.38861835840000003,45.2305848555761,13.5759062341537,51.5992648229178,12.8850723481156,78343000.0,97861.07199999999,1742.463,35.608000000000004,38.3,0.9259999999999999,0.7396389050800001
188,2020,YR2020,Uruguay,URY,0.984738006591797,16.329,74.731,16.6980989304304,9.0,10255.0947055865,0.1053905775,14.8,4.76382472733248,43.4709671460666,39.58,3311107520.0,25.4,5.7,0.59876024723053,97.56265,89.0,1.17484450587422,65.1728441739014,1.52303122084986,15.2930695329182,1.15156664004395,-0.0218356225904044,0.1237408637,85.4645183407611,16.330715099466,60.3366177584994,0.58234871838178,2236000.0,57836.439000000006,768.3389999999999,19.750999999999998,35.6,0.8170000000000001,0.5908666921204885
189,2020,YR2020,Uzbekistan,UZB,0.9959027099609381,21.4,67.156,24.662704263423,12.0,2493.60229900187,0.00484347308,51.8,,,31.01,13514094325.9936,43.1,5.2,0.622805714607239,92.70987,99.0,78.3503913305238,98.781378269589,16.1883077878585,6.16917481680989,0.542857629929967,0.00577921345833078,0.00214485654,64.2407146215327,-1.99613370303867,72.0916305693166,-5.79198472543729,302000.0,2726.387,19.421,76.134,28.2,0.72,0.5496561917105159
190,2020,YR2020,Vanuatu,VUT,0.22229648590087903,33.384,67.363,39.1789749205417,,2247.38614726959,0.02108336891,23.7,2.53768844221106,75.1463889778055,67.79,76935982.1431167,43.6,3.2,0.454658538103104,99.32524,61.0,0.0,0.0,0.0204389916461194,15.031923174968,7.4466895201681,0.216383522845341,0.00197327163,14.3560295324036,6.75851224234485,81.1373228747417,2.86659316427784,106000.0,13.023,3.2560000000000002,22.662,23.1,0.609,0.12983957352698347
191,2020,YR2020,"Venezuela, RB",VEN,0.9890000000000001,23.8,72.112,29.7442196597828,14.0,11748.9909338821,0.03359597465,18.4,27.0809414466131,61.3866619681085,100.94,16837000000.0,29.1,6.5,,89.38185,84.0,35.0406582302844,88.1215723752793,86.0857594456901,3.63946829775166,4.01482922275033,0.446471546565687,0.2251600355,24.5280879768721,19.741446452819,62.4972502858191,12.3993472234478,602000.0,6993.438,75.78399999999999,36.253,29.0,0.711,0.5782245946775001
192,2020,YR2020,Vietnam,VNM,0.87187873840332,17.429,73.025,53.9214970086223,5.0,1987.30271024429,0.00254248276,23.4,-1.71033727851113,48.0884087276966,59.27,14073000000.0,39.7,3.5,0.689964532852173,98.41237,97.0,5.71467632784196,46.2734873538112,26.4090649126343,13.5120405245973,4.16392407955693,0.0,0.00986803822,28.2260657107953,57.2799090450966,61.2722907439244,16.6141677893699,2140000.0,30.224,0.36,308.127,32.6,0.7040000000000001,0.48140997890982606
193,2020,YR2020,West Bank and Gaza,PSE,0.997,40.9,71.022,20.5165059347181,10.0,2785.32517105931,0.011113062069999999,25.0,2.79819892435757,67.3659536273786,106.32,2374042117.33501,,8.6,0.579996645450592,90.9118,,0.0,,0.66106047911043,19.1164085643786,1.43744162248919,5.05704296562124,0.00219478704,61.7940199335548,,100.325426080566,-9.62456726751824,310000.0,58113.669,636.882,778.202,20.4,0.708,0.5524590504285
194,2020,YR2020,"Yemen, Rep.",YEM,0.499811706542969,39.517,60.683,,9.0,2960.43135405403,0.0008250038699999999,68.7,4.58999999999981,34.2391731453715,81.03,4712889913.70085,59.7,3.0,0.372784405946732,65.64795,70.0,0.0,98.3700118585577,94.7388599829907,12.0247767063136,0.0662994282572368,-0.0887237153461711,0.00184053464,44.8301986855314,88.522606521173,107.106696089044,,1035000.0,212.06400000000002,41.206,53.508,20.3,0.47,0.275369243417133
195,2020,YR2020,Zambia,ZMB,0.16699999999999998,45.271,44.0,23.9238608307712,7.0,1644.91943715669,0.00191071643,89.7,26.0304117888121,23.8282878664427,40.34,977690000.0,44.0,4.0,0.396927535533905,66.94255,85.0,0.0,8.84486379907842,1.29289752455278,17.2671552927285,3.37991427340519,-0.401859634406337,0.009490546419999999,30.2640605873095,38.7140502409159,95.3200934001106,40.6765957280491,457000.0,4986.413,68.048,22.995,17.7,0.584,0.0934678053925
196,2020,YR2020,Zimbabwe,ZWE,0.338843307495117,31.776,44.649,38.1597545550961,7.0,2272.60032226565,0.00401433535,51.5,3.02267002518892,97.0660146699266,127.66,3155711875.97928,33.0,4.1,0.46689310669899,89.50339,75.0,0.0,37.0220024856745,0.925189465250276,18.6323687856206,0.34678844601347,0.112108333840561,0.022424905590000002,38.9298177588213,46.5346736336911,81.9971861340898,-2.81997556223097,1967000.0,2574.19,105.49700000000001,42.729,19.6,0.5710000000000001,0.19001132705381438
